{
  "long": {
    "x": [
      0.04566,
      0.05728,
      0.06891,
      0.08053,
      0.09216,
      0.10378,
      0.11541,
      0.12703,
      0.13866,
      0.15028,
      0.1619,
      0.17353,
      0.18515,
      0.19678,
      0.2084,
      0.22003,
      0.23165,
      0.24328,
      0.2549,
      0.26653,
      0.27815,
      0.28978,
      0.3014,
      0.31302,
      0.32465,
      0.33627,
      0.3479,
      0.35952,
      0.37115,
      0.38277,
      0.3944,
      0.40602,
      0.41765,
      0.42927,
      0.4409,
      0.45252,
      0.46415,
      0.47577,
      0.48739,
      0.49902
    ],
    "y": [
      0.214,
      0.214,
      0.214,
      0.22286,
      0.22286,
      0.22286,
      0.22743,
      0.22743,
      0.23885,
      0.24685,
      0.24685,
      0.25389,
      0.25389,
      0.25755,
      0.25755,
      0.25755,
      0.25755,
      0.26556,
      0.27647,
      0.27842,
      0.281,
      0.30056,
      0.31819,
      0.33411,
      0.34524,
      0.35047,
      0.36158,
      0.36514,
      0.37152,
      0.37494,
      0.37577,
      0.37577,
      0.37577,
      0.39179,
      0.39179,
      0.39179,
      0.39382,
      0.39382,
      0.39382,
      0.39382
    ]
  },
  "long_stop": {
    "x": [
      0.09696,
      0.11143,
      0.12591,
      0.14039,
      0.15486,
      0.16934,
      0.18382,
      0.19829,
      0.21277,
      0.22725,
      0.24172,
      0.2562,
      0.27068,
      0.28515,
      0.29963,
      0.31411,
      0.32858,
      0.34306,
      0.35754,
      0.37201,
      0.38649,
      0.40097,
      0.41544,
      0.42992,
      0.4444,
      0.45887,
      0.47335,
      0.48783,
      0.5023,
      0.51678,
      0.53126,
      0.54573,
      0.56021,
      0.57469,
      0.58916,
      0.60364,
      0.61812,
      0.63259,
      0.64707,
      0.66155
    ],
    "y": [
      0.30189,
      0.30488,
      0.32787,
      0.32979,
      0.32979,
      0.32979,
      0.36129,
      0.37619,
      0.38323,
      0.41856,
      0.41856,
      0.41856,
      0.42625,
      0.44898,
      0.44898,
      0.44898,
      0.44898,
      0.45389,
      0.45389,
      0.45389,
      0.46934,
      0.46934,
      0.47736,
      0.47736,
      0.47938,
      0.47938,
      0.48339,
      0.48339,
      0.50547,
      0.51934,
      0.52951,
      0.54749,
      0.54749,
      0.54749,
      0.56152,
      0.56234,
      0.57586,
      0.57586,
      0.57586,
      0.59146
    ]
  },
  "short": {
    "x": [
      0.02259,
      0.03407,
      0.04556,
      0.05704,
      0.06853,
      0.08001,
      0.0915,
      0.10298,
      0.11447,
      0.12595,
      0.13744,
      0.14892,
      0.16041,
      0.17189,
      0.18338,
      0.19486,
      0.20635,
      0.21783,
      0.22932,
      0.2408,
      0.25228,
      0.26377,
      0.27525,
      0.28674,
      0.29822,
      0.30971,
      0.32119,
      0.33268,
      0.34416,
      0.35565,
      0.36713,
      0.37862,
      0.3901,
      0.40159,
      0.41307,
      0.42456,
      0.43604,
      0.44753,
      0.45901,
      0.4705
    ],
    "y": [
      0.14145,
      0.19386,
      0.2031,
      0.22214,
      0.22214,
      0.23048,
      0.23048,
      0.23048,
      0.23048,
      0.23048,
      0.23048,
      0.23048,
      0.23048,
      0.23708,
      0.23899,
      0.23899,
      0.24145,
      0.24145,
      0.24145,
      0.24603,
      0.2574,
      0.26502,
      0.27238,
      0.29673,
      0.29673,
      0.31477,
      0.34255,
      0.35161,
      0.35715,
      0.37203,
      0.38285,
      0.39904,
      0.40512,
      0.40701,
      0.42996,
      0.42996,
      0.43117,
      0.44115,
      0.44115,
      0.44115
    ]
  },
  "short_stop": {
    "x": [
      0.16959,
      0.18391,
      0.19823,
      0.21254,
      0.22686,
      0.24118,
      0.25549,
      0.26981,
      0.28413,
      0.29845,
      0.31276,
      0.32708,
      0.3414,
      0.35572,
      0.37003,
      0.38435,
      0.39867,
      0.41298,
      0.4273,
      0.44162,
      0.45594,
      0.47025,
      0.48457,
      0.49889,
      0.5132,
      0.52752,
      0.54184,
      0.55616,
      0.57047,
      0.58479,
      0.59911,
      0.61343,
      0.62774,
      0.64206,
      0.65638,
      0.67069,
      0.68501,
      0.69933,
      0.71365,
      0.72796
    ],
    "y": [
      0.43792,
      0.43792,
      0.43792,
      0.43792,
      0.43792,
      0.43792,
      0.43792,
      0.43792,
      0.43792,
      0.451,
      0.451,
      0.46306,
      0.46306,
      0.46306,
      0.46921,
      0.47046,
      0.47935,
      0.48769,
      0.48792,
      0.50598,
      0.5061,
      0.5061,
      0.5061,
      0.52232,
      0.54109,
      0.54333,
      0.55407,
      0.55931,
      0.56467,
      0.57246,
      0.57246,
      0.57246,
      0.57246,
      0.57246,
      0.57246,
      0.57246,
      0.57579,
      0.57579,
      0.60158,
      0.60158
    ]
  },
  "curve_long": [
    {
      "bin": 0,
      "n": 36794,
      "p_lo": 0.0261,
      "p_hi": 0.1564,
      "predicted": 0.1225,
      "observed": 0.2319,
      "lift": 0.762
    },
    {
      "bin": 1,
      "n": 36793,
      "p_lo": 0.1564,
      "p_hi": 0.1959,
      "predicted": 0.1772,
      "observed": 0.2556,
      "lift": 0.839
    },
    {
      "bin": 2,
      "n": 36793,
      "p_lo": 0.1959,
      "p_hi": 0.2275,
      "predicted": 0.2121,
      "observed": 0.2562,
      "lift": 0.841
    },
    {
      "bin": 3,
      "n": 36794,
      "p_lo": 0.2275,
      "p_hi": 0.2557,
      "predicted": 0.2418,
      "observed": 0.2632,
      "lift": 0.864
    },
    {
      "bin": 4,
      "n": 36793,
      "p_lo": 0.2557,
      "p_hi": 0.2822,
      "predicted": 0.269,
      "observed": 0.2804,
      "lift": 0.921
    },
    {
      "bin": 5,
      "n": 36793,
      "p_lo": 0.2822,
      "p_hi": 0.3076,
      "predicted": 0.2949,
      "observed": 0.3111,
      "lift": 1.021
    },
    {
      "bin": 6,
      "n": 36794,
      "p_lo": 0.3076,
      "p_hi": 0.3326,
      "predicted": 0.3201,
      "observed": 0.3377,
      "lift": 1.109
    },
    {
      "bin": 7,
      "n": 36793,
      "p_lo": 0.3326,
      "p_hi": 0.3576,
      "predicted": 0.3449,
      "observed": 0.3589,
      "lift": 1.178
    },
    {
      "bin": 8,
      "n": 36793,
      "p_lo": 0.3576,
      "p_hi": 0.3879,
      "predicted": 0.372,
      "observed": 0.3712,
      "lift": 1.219
    },
    {
      "bin": 9,
      "n": 36794,
      "p_lo": 0.3879,
      "p_hi": 0.5723,
      "predicted": 0.4151,
      "observed": 0.3792,
      "lift": 1.245
    }
  ],
  "curve_short": [
    {
      "bin": 0,
      "n": 36794,
      "p_lo": 0.016,
      "p_hi": 0.1407,
      "predicted": 0.0972,
      "observed": 0.2254,
      "lift": 0.82
    },
    {
      "bin": 1,
      "n": 36793,
      "p_lo": 0.1407,
      "p_hi": 0.1701,
      "predicted": 0.1571,
      "observed": 0.2275,
      "lift": 0.827
    },
    {
      "bin": 2,
      "n": 36793,
      "p_lo": 0.1701,
      "p_hi": 0.192,
      "predicted": 0.1811,
      "observed": 0.239,
      "lift": 0.869
    },
    {
      "bin": 3,
      "n": 36794,
      "p_lo": 0.192,
      "p_hi": 0.2141,
      "predicted": 0.203,
      "observed": 0.2468,
      "lift": 0.898
    },
    {
      "bin": 4,
      "n": 36793,
      "p_lo": 0.2141,
      "p_hi": 0.2366,
      "predicted": 0.2253,
      "observed": 0.2349,
      "lift": 0.854
    },
    {
      "bin": 5,
      "n": 36793,
      "p_lo": 0.2366,
      "p_hi": 0.2606,
      "predicted": 0.2484,
      "observed": 0.254,
      "lift": 0.924
    },
    {
      "bin": 6,
      "n": 36794,
      "p_lo": 0.2606,
      "p_hi": 0.2863,
      "predicted": 0.2733,
      "observed": 0.2721,
      "lift": 0.99
    },
    {
      "bin": 7,
      "n": 36793,
      "p_lo": 0.2863,
      "p_hi": 0.3143,
      "predicted": 0.3,
      "observed": 0.3056,
      "lift": 1.112
    },
    {
      "bin": 8,
      "n": 36793,