{
  "long": {
    "x": [
      0.0133,
      0.02386,
      0.03442,
      0.04499,
      0.05555,
      0.06611,
      0.07667,
      0.08723,
      0.0978,
      0.10836,
      0.11892,
      0.12948,
      0.14004,
      0.1506,
      0.16117,
      0.17173,
      0.18229,
      0.19285,
      0.20341,
      0.21398,
      0.22454,
      0.2351,
      0.24566,
      0.25622,
      0.26678,
      0.27735,
      0.28791,
      0.29847,
      0.30903,
      0.31959,
      0.33016,
      0.34072,
      0.35128,
      0.36184,
      0.3724,
      0.38296,
      0.39353,
      0.40409,
      0.41465,
      0.42521
    ],
    "y": [
      0.08091,
      0.11908,
      0.11908,
      0.11971,
      0.11971,
      0.12288,
      0.13099,
      0.13579,
      0.13579,
      0.13579,
      0.1437,
      0.15278,
      0.16127,
      0.16591,
      0.17786,
      0.18966,
      0.21353,
      0.23435,
      0.23484,
      0.24332,
      0.25611,
      0.28467,
      0.28853,
      0.28853,
      0.3075,
      0.31845,
      0.32462,
      0.32789,
      0.33821,
      0.34379,
      0.34379,
      0.34388,
      0.34388,
      0.34388,
      0.34388,
      0.35219,
      0.35862,
      0.35862,
      0.36246,
      0.37221
    ]
  },
  "short": {
    "x": [
      0.00768,
      0.01861,
      0.02954,
      0.04047,
      0.05139,
      0.06232,
      0.07325,
      0.08418,
      0.09511,
      0.10604,
      0.11696,
      0.12789,
      0.13882,
      0.14975,
      0.16068,
      0.17161,
      0.18253,
      0.19346,
      0.20439,
      0.21532,
      0.22625,
      0.23718,
      0.2481,
      0.25903,
      0.26996,
      0.28089,
      0.29182,
      0.30275,
      0.31367,
      0.3246,
      0.33553,
      0.34646,
      0.35739,
      0.36832,
      0.37924,
      0.39017,
      0.4011,
      0.41203,
      0.42296,
      0.43389
    ],
    "y": [
      0.06838,
      0.12319,
      0.12319,
      0.12319,
      0.12319,
      0.12319,
      0.12319,
      0.12319,
      0.13112,
      0.13633,
      0.14416,
      0.15529,
      0.16101,
      0.18304,
      0.18439,
      0.18786,
      0.21086,
      0.21275,
      0.22476,
      0.24523,
      0.25559,
      0.27056,
      0.29388,
      0.30459,
      0.31576,
      0.32218,
      0.35269,
      0.36089,
      0.36089,
      0.36292,
      0.3749,
      0.40595,
      0.42799,
      0.42799,
      0.43111,
      0.43111,
      0.43111,
      0.43111,
      0.46071,
      0.4958
    ]
  },
  "curve_long": [
    {
      "bin": 0,
      "n": 36794,
      "p_lo": 0.0074,
      "p_hi": 0.065,
      "predicted": 0.0465,
      "observed": 0.1192,
      "lift": 0.58
    },
    {
      "bin": 1,
      "n": 36793,
      "p_lo": 0.065,
      "p_hi": 0.0892,
      "predicted": 0.0776,
      "observed": 0.1316,
      "lift": 0.64
    },
    {
      "bin": 2,
      "n": 36793,
      "p_lo": 0.0892,
      "p_hi": 0.1096,
      "predicted": 0.0995,
      "observed": 0.1369,
      "lift": 0.666
    },
    {
      "bin": 3,
      "n": 36794,
      "p_lo": 0.1096,
      "p_hi": 0.1299,
      "predicted": 0.1196,
      "observed": 0.1421,
      "lift": 0.692
    },
    {
      "bin": 4,
      "n": 36793,
      "p_lo": 0.1299,
      "p_hi": 0.1531,
      "predicted": 0.1411,
      "observed": 0.1627,
      "lift": 0.792
    },
    {
      "bin": 5,
      "n": 36793,
      "p_lo": 0.1531,
      "p_hi": 0.1824,
      "predicted": 0.1672,
      "observed": 0.1872,
      "lift": 0.911
    },
    {
      "bin": 6,
      "n": 36794,
      "p_lo": 0.1824,
      "p_hi": 0.2178,
      "predicted": 0.1998,
      "observed": 0.2345,
      "lift": 1.142
    },
    {
      "bin": 7,
      "n": 36793,
      "p_lo": 0.2178,
      "p_hi": 0.2584,
      "predicted": 0.2375,
      "observed": 0.2797,
      "lift": 1.361
    },
    {
      "bin": 8,
      "n": 36793,
      "p_lo": 0.2584,
      "p_hi": 0.3036,
      "predicted": 0.2806,
      "observed": 0.3191,
      "lift": 1.553
    },
    {
      "bin": 9,
      "n": 36794,
      "p_lo": 0.3036,
      "p_hi": 0.5239,
      "predicted": 0.3355,
      "observed": 0.3416,
      "lift": 1.663
    }
  ],
  "curve_short": [
    {
      "bin": 0,
      "n": 36794,
      "p_lo": 0.0051,
      "p_hi": 0.0628,
      "predicted": 0.0407,
      "observed": 0.1327,
      "lift": 0.697
    },
    {
      "bin": 1,
      "n": 36793,
      "p_lo": 0.0628,
      "p_hi": 0.0827,
      "predicted": 0.0737,
      "observed": 0.1151,
      "lift": 0.604
    },
    {
      "bin": 2,
      "n": 36793,
      "p_lo": 0.0827,
      "p_hi": 0.098,
      "predicted": 0.0904,
      "observed": 0.1243,
      "lift": 0.653
    },
    {
      "bin": 3,
      "n": 36794,
      "p_lo": 0.098,
      "p_hi": 0.1143,
      "predicted": 0.106,
      "observed": 0.1355,
      "lift": 0.711
    },
    {
      "bin": 4,
      "n": 36793,
      "p_lo": 0.1143,
      "p_hi": 0.1334,
      "predicted": 0.1234,
      "observed": 0.1504,
      "lift": 0.789
    },
    {
      "bin": 5,
      "n": 36793,
      "p_lo": 0.1334,
      "p_hi": 0.1574,
      "predicted": 0.145,
      "observed": 0.172,
      "lift": 0.902
    },
    {
      "bin": 6,
      "n": 36794,
      "p_lo": 0.1574,
      "p_hi": 0.1876,
      "predicted": 0.1719,
      "observed": 0.1923,
      "lift": 1.009
    },
    {
      "bin": 7,
      "n": 36793,
      "p_lo": 0.1876,
      "p_hi": 0.2255,
      "predicted": 0.2059,
      "observed": 0.2271,
      "lift": 1.192
    },
    {
      "bin": 8,
      "n": 36793,
      "p_lo": 0.2255,
      "p_hi": 0.2743,
      "predicted": 0.2488,
      "observed": 0.2886,
      "lift": 1.514
    },
    {
      "bin": 9,
      "n": 36794,
      "p_lo": 0.2743,
      "p_hi": 0.5746,
      "predicted": 0.3183,
      "observed": 0.3676,
      "lift": 1.929
    }
  ],
  "metrics_long": {
    "brier": 0.15866,
    "ece": 0.03497,
    "bias": 0.03497,
    "base_rate": 0.20544,
    "mean_pred": 0.17049
  },
  "metrics_short": {
    "brier": 0.14985,
    "ece": 0.03815,
    "bias": 0.03815,
    "base_rate": 0.19055,
    "mean_pred": 0.15242
  }
}