{
  "long": {
    "x": [
      0.06098,
      0.07517,
      0.08935,
      0.10354,
      0.11773,
      0.13192,
      0.14611,
      0.16029,
      0.17448,
      0.18867,
      0.20286,
      0.21704,
      0.23123,
      0.24542,
      0.25961,
      0.27379,
      0.28798,
      0.30217,
      0.31636,
      0.33054,
      0.34473,
      0.35892,
      0.37311,
      0.38729,
      0.40148,
      0.41567,
      0.42986,
      0.44404,
      0.45823,
      0.47242,
      0.48661,
      0.50079,
      0.51498,
      0.52917,
      0.54336,
      0.55754,
      0.57173,
      0.58592,
      0.60011,
      0.6143
    ],
    "y": [
      0.2869,
      0.2869,
      0.2869,
      0.2869,
      0.2869,
      0.2869,
      0.2869,
      0.29492,
      0.29492,
      0.30675,
      0.32342,
      0.32544,
      0.32997,
      0.33432,
      0.33432,
      0.33432,
      0.33432,
      0.33432,
      0.34674,
      0.34674,
      0.36517,
      0.36742,
      0.38422,
      0.41015,
      0.42029,
      0.42265,
      0.43775,
      0.46318,
      0.46356,
      0.46356,
      0.46459,
      0.46459,
      0.46459,
      0.47156,
      0.47156,
      0.4775,
      0.4815,
      0.4815,
      0.4815,
      0.4815
    ]
  },
  "long_stop": {
    "x": [
      0.03174,
      0.04531,
      0.05887,
      0.07243,
      0.086,
      0.09956,
      0.11313,
      0.12669,
      0.14025,
      0.15382,
      0.16738,
      0.18095,
      0.19451,
      0.20807,
      0.22164,
      0.2352,
      0.24877,
      0.26233,
      0.27589,
      0.28946,
      0.30302,
      0.31659,
      0.33015,
      0.34371,
      0.35728,
      0.37084,
      0.38441,
      0.39797,
      0.41153,
      0.4251,
      0.43866,
      0.45223,
      0.46579,
      0.47935,
      0.49292,
      0.50648,
      0.52005,
      0.53361,
      0.54717,
      0.56074
    ],
    "y": [
      0.19355,
      0.21816,
      0.23194,
      0.26978,
      0.26978,
      0.26978,
      0.28514,
      0.29817,
      0.29817,
      0.29817,
      0.29817,
      0.29817,
      0.29817,
      0.30075,
      0.30584,
      0.31954,
      0.31954,
      0.31954,
      0.31954,
      0.31954,
      0.31954,
      0.33049,
      0.33049,
      0.33639,
      0.35704,
      0.37194,
      0.39203,
      0.4069,
      0.43011,
      0.44624,
      0.44722,
      0.45686,
      0.46642,
      0.47733,
      0.47733,
      0.4934,
      0.4934,
      0.4934,
      0.4934,
      0.4934
    ]
  },
  "short": {
    "x": [
      0.03186,
      0.04542,
      0.05898,
      0.07254,
      0.08611,
      0.09967,
      0.11323,
      0.12679,
      0.14035,
      0.15392,
      0.16748,
      0.18104,
      0.1946,
      0.20816,
      0.22173,
      0.23529,
      0.24885,
      0.26241,
      0.27597,
      0.28954,
      0.3031,
      0.31666,
      0.33022,
      0.34378,
      0.35735,
      0.37091,
      0.38447,
      0.39803,
      0.41159,
      0.42516,
      0.43872,
      0.45228,
      0.46584,
      0.4794,
      0.49297,
      0.50653,
      0.52009,
      0.53365,
      0.54722,
      0.56078
    ],
    "y": [
      0.19424,
      0.21662,
      0.22166,
      0.26657,
      0.26657,
      0.2751,
      0.29038,
      0.30161,
      0.30161,
      0.30161,
      0.30161,
      0.30161,
      0.30161,
      0.30161,
      0.30464,
      0.31961,
      0.31961,
      0.31961,
      0.31961,
      0.31961,
      0.31961,
      0.32669,
      0.32903,
      0.33737,
      0.35197,
      0.3759,
      0.39159,
      0.40671,
      0.42984,
      0.44483,
      0.4463,
      0.4605,
      0.46883,
      0.48443,
      0.48443,
      0.49238,
      0.49446,
      0.49446,
      0.49446,
      0.49446
    ]
  },
  "short_stop": {
    "x": [
      0.06143,
      0.07555,
      0.08967,
      0.10378,
      0.1179,
      0.13201,
      0.14613,
      0.16024,
      0.17436,
      0.18847,
      0.20259,
      0.2167,
      0.23082,
      0.24493,
      0.25905,
      0.27316,
      0.28728,
      0.30139,
      0.31551,
      0.32962,
      0.34374,
      0.35785,
      0.37197,
      0.38608,
      0.4002,
      0.41431,
      0.42843,
      0.44254,
      0.45666,
      0.47077,
      0.48489,
      0.499,
      0.51312,
      0.52723,
      0.54135,
      0.55546,
      0.56958,
      0.58369,
      0.59781,
      0.61192
    ],
    "y": [
      0.28795,
      0.28795,
      0.28795,
      0.28795,
      0.28795,
      0.28795,
      0.28795,
      0.28935,
      0.28935,
      0.30984,
      0.32146,
      0.3254,
      0.32864,
      0.33625,
      0.33625,
      0.33625,
      0.33625,
      0.34068,
      0.34642,
      0.34642,
      0.35944,
      0.36628,
      0.39226,
      0.3974,
      0.41726,
      0.41726,
      0.43605,
      0.46212,
      0.46524,
      0.46524,
      0.46685,
      0.46685,
      0.46685,
      0.46685,
      0.46685,
      0.48946,
      0.48946,
      0.48946,
      0.48946,
      0.48946
    ]
  },
  "curve_long": [
    {
      "bin": 0,
      "n": 36794,
      "p_lo": 0.0347,
      "p_hi": 0.2206,
      "predicted": 0.1751,
      "observed": 0.3059,
      "lift": 0.785
    },
    {
      "bin": 1,
      "n": 36793,
      "p_lo": 0.2206,
      "p_hi": 0.2692,
      "predicted": 0.2466,
      "observed": 0.3363,
      "lift": 0.863
    },
    {
      "bin": 2,
      "n": 36793,
      "p_lo": 0.2693,
      "p_hi": 0.3054,
      "predicted": 0.2879,
      "observed": 0.3305,
      "lift": 0.848
    },
    {
      "bin": 3,
      "n": 36794,
      "p_lo": 0.3054,
      "p_hi": 0.3381,
      "predicted": 0.3219,
      "observed": 0.3465,
      "lift": 0.889
    },
    {
      "bin": 4,
      "n": 36793,
      "p_lo": 0.3381,
      "p_hi": 0.3692,
      "predicted": 0.3537,
      "observed": 0.3697,
      "lift": 0.949
    },
    {
      "bin": 5,
      "n": 36793,
      "p_lo": 0.3692,
      "p_hi": 0.3982,
      "predicted": 0.384,
      "observed": 0.3976,
      "lift": 1.02
    },
    {
      "bin": 6,
      "n": 36794,
      "p_lo": 0.3982,
      "p_hi": 0.4252,
      "predicted": 0.4119,
      "observed": 0.4262,
      "lift": 1.094
    },
    {
      "bin": 7,
      "n": 36793,
      "p_lo": 0.4252,
      "p_hi": 0.4519,
      "predicted": 0.4384,
      "observed": 0.4555,
      "lift": 1.169
    },
    {
      "bin": 8,
      "n": 36793,
      "p_lo": 0.4519,
      "p_hi": 0.483,
      "predicted": 0.4669,
      "observed": 0.463,
      "lift": 1.188
    },
    {
      "bin": 9,
      "n": 36794,
      "p_lo": 0.483,
      "p_hi": 0.6782,
      "predicted": 0.5125,
      "observed": 0.4662,
      "lift": 1.196
    }
  ],
  "curve_short": [
    {
      "bin": 0,
      "n": 36794,
      "p_lo": 0.0212,
      "p_hi": 0.1967,
      "predicted": 0.146,
      "observed": 0.2921,
      "lift": 0.825
    },
    {
      "bin": 1,
      "n": 36793,
      "p_lo": 0.1967,
      "p_hi": 0.2321,
      "predicted": 0.2159,
      "observed": 0.3029,
      "lift": 0.856
    },
    {
      "bin": 2,
      "n": 36793,
      "p_lo": 0.2321,
      "p_hi": 0.2601,
      "predicted": 0.2463,
      "observed": 0.3222,
      "lift": 0.91
    },
    {
      "bin": 3,
      "n": 36794,
      "p_lo": 0.2601,
      "p_hi": 0.2881,
      "predicted": 0.2742,
      "observed": 0.3239,
      "lift": 0.915
    },
    {
      "bin": 4,
      "n": 36793,
      "p_lo": 0.2881,
      "p_hi": 0.3152,
      "predicted": 0.3017,
      "observed": 0.3127,
      "lift": 0.884
    },
    {
      "bin": 5,
      "n": 36793,
      "p_lo": 0.3152,
      "p_hi": 0.3435,
      "predicted": 0.3293,
      "observed": 0.3314,
      "lift": 0.936
    },
    {
      "bin": 6,
      "n": 36794,
      "p_lo": 0.3435,
      "p_hi": 0.3727,
      "predicted": 0.358,
      "observed": 0.3547,
      "lift": 1.002
    },
    {
      "bin": 7,
      "n": 36793,
      "p_lo": 0.3727,
      "p_hi": 0.4028,
      "predicted": 0.3877,
      "observed": 0.3949,
      "lift": 1.116
    },
    {
      "bin": 8,