{
  "long": {
    "x": [
      0.06071,
      0.07484,
      0.08897,
      0.1031,
      0.11723,
      0.13136,
      0.14549,
      0.15963,
      0.17376,
      0.18789,
      0.20202,
      0.21615,
      0.23028,
      0.24441,
      0.25854,
      0.27267,
      0.2868,
      0.30093,
      0.31506,
      0.32919,
      0.34332,
      0.35745,
      0.37158,
      0.38571,
      0.39984,
      0.41397,
      0.4281,
      0.44223,
      0.45636,
      0.47049,
      0.48462,
      0.49875,
      0.51288,
      0.52701,
      0.54114,
      0.55527,
      0.56941,
      0.58354,
      0.59767,
      0.6118
    ],
    "y": [
      0.29035,
      0.29035,
      0.29035,
      0.29035,
      0.29035,
      0.29035,
      0.29035,
      0.29067,
      0.29067,
      0.31434,
      0.31892,
      0.32607,
      0.32949,
      0.33549,
      0.33549,
      0.33549,
      0.33549,
      0.33549,
      0.34607,
      0.34607,
      0.36546,
      0.36546,
      0.38214,
      0.4087,
      0.42167,
      0.42831,
      0.43799,
      0.45763,
      0.46302,
      0.46302,
      0.46302,
      0.46614,
      0.46614,
      0.46945,
      0.46945,
      0.48027,
      0.48027,
      0.48027,
      0.48027,
      0.48027
    ]
  },
  "long_stop": {
    "x": [
      0.032,
      0.04559,
      0.05917,
      0.07276,
      0.08634,
      0.09993,
      0.11351,
      0.1271,
      0.14068,
      0.15427,
      0.16785,
      0.18144,
      0.19502,
      0.20861,
      0.22219,
      0.23578,
      0.24936,
      0.26295,
      0.27653,
      0.29012,
      0.3037,
      0.31729,
      0.33087,
      0.34446,
      0.35804,
      0.37163,
      0.38521,
      0.3988,
      0.41238,
      0.42597,
      0.43955,
      0.45314,
      0.46672,
      0.48031,
      0.49389,
      0.50748,
      0.52106,
      0.53465,
      0.54823,
      0.56181
    ],
    "y": [
      0.19291,
      0.21664,
      0.23507,
      0.26875,
      0.26875,
      0.26875,
      0.28617,
      0.29947,
      0.29947,
      0.29947,
      0.29947,
      0.29947,
      0.29947,
      0.29947,
      0.30295,
      0.31965,
      0.31965,
      0.31965,
      0.31965,
      0.31965,
      0.31965,
      0.32894,
      0.33055,
      0.33918,
      0.34783,
      0.3714,
      0.38776,
      0.40798,
      0.43037,
      0.44571,
      0.44571,
      0.45514,
      0.46727,
      0.47474,
      0.49242,
      0.49242,
      0.49242,
      0.49242,
      0.49242,
      0.49242
    ]
  },
  "short": {
    "x": [
      0.03172,
      0.04531,
      0.0589,
      0.07249,
      0.08608,
      0.09966,
      0.11325,
      0.12684,
      0.14043,
      0.15402,
      0.16761,
      0.18119,
      0.19478,
      0.20837,
      0.22196,
      0.23555,
      0.24914,
      0.26272,
      0.27631,
      0.2899,
      0.30349,
      0.31708,
      0.33067,
      0.34425,
      0.35784,
      0.37143,
      0.38502,
      0.39861,
      0.4122,
      0.42578,
      0.43937,
      0.45296,
      0.46655,
      0.48014,
      0.49372,
      0.50731,
      0.5209,
      0.53449,
      0.54808,
      0.56167
    ],
    "y": [
      0.19745,
      0.21181,
      0.22148,
      0.27036,
      0.27036,
      0.27036,
      0.29035,
      0.30093,
      0.30093,
      0.30093,
      0.30093,
      0.30093,
      0.30093,
      0.30093,
      0.30602,
      0.31904,
      0.31975,
      0.31975,
      0.31975,
      0.31975,
      0.31975,
      0.32591,
      0.32839,
      0.33455,
      0.35527,
      0.37291,
      0.39756,
      0.40844,
      0.43157,
      0.44107,
      0.44739,
      0.46765,
      0.4718,
      0.4816,
      0.48405,
      0.49085,
      0.49272,
      0.49272,
      0.49272,
      0.49272
    ]
  },
  "short_stop": {
    "x": [
      0.06033,
      0.07442,
      0.0885,
      0.10258,
      0.11666,
      0.13074,
      0.14482,
      0.1589,
      0.17298,
      0.18706,
      0.20114,
      0.21522,
      0.2293,
      0.24338,
      0.25746,
      0.27154,
      0.28562,
      0.2997,
      0.31379,
      0.32787,
      0.34195,
      0.35603,
      0.37011,
      0.38419,
      0.39827,
      0.41235,
      0.42643,
      0.44051,
      0.45459,
      0.46867,
      0.48275,
      0.49683,
      0.51091,
      0.52499,
      0.53908,
      0.55316,
      0.56724,
      0.58132,
      0.5954,
      0.60948
    ],
    "y": [
      0.28596,
      0.28596,
      0.28596,
      0.28596,
      0.28596,
      0.28596,
      0.28596,
      0.29195,
      0.29195,
      0.30031,
      0.32014,
      0.32851,
      0.33066,
      0.33579,
      0.33579,
      0.33579,
      0.33579,
      0.33579,
      0.34315,
      0.34315,
      0.35879,
      0.36668,
      0.38367,
      0.39254,
      0.41408,
      0.41946,
      0.43821,
      0.44869,
      0.46547,
      0.46547,
      0.46661,
      0.46661,
      0.46661,
      0.46917,
      0.46917,
      0.46917,
      0.48991,
      0.48991,
      0.48991,
      0.48991
    ]
  },
  "curve_long": [
    {
      "bin": 0,
      "n": 36794,
      "p_lo": 0.0352,
      "p_hi": 0.2209,
      "predicted": 0.1751,
      "observed": 0.3062,
      "lift": 0.786
    },
    {
      "bin": 1,
      "n": 36793,
      "p_lo": 0.2209,
      "p_hi": 0.2696,
      "predicted": 0.2469,
      "observed": 0.3371,
      "lift": 0.865
    },
    {
      "bin": 2,
      "n": 36793,
      "p_lo": 0.2696,
      "p_hi": 0.3058,
      "predicted": 0.2881,
      "observed": 0.332,
      "lift": 0.852
    },
    {
      "bin": 3,
      "n": 36794,
      "p_lo": 0.3058,
      "p_hi": 0.3383,
      "predicted": 0.3222,
      "observed": 0.3449,
      "lift": 0.885
    },
    {
      "bin": 4,
      "n": 36793,
      "p_lo": 0.3383,
      "p_hi": 0.3696,
      "predicted": 0.354,
      "observed": 0.369,
      "lift": 0.947
    },
    {
      "bin": 5,
      "n": 36793,
      "p_lo": 0.3696,
      "p_hi": 0.3985,
      "predicted": 0.3843,
      "observed": 0.3989,
      "lift": 1.023
    },
    {
      "bin": 6,
      "n": 36794,
      "p_lo": 0.3985,
      "p_hi": 0.4254,
      "predicted": 0.4121,
      "observed": 0.4254,
      "lift": 1.091
    },
    {
      "bin": 7,
      "n": 36793,
      "p_lo": 0.4254,
      "p_hi": 0.452,
      "predicted": 0.4385,
      "observed": 0.4549,
      "lift": 1.167
    },
    {
      "bin": 8,
      "n": 36793,
      "p_lo": 0.452,
      "p_hi": 0.4828,
      "predicted": 0.4668,
      "observed": 0.4626,
      "lift": 1.187
    },
    {
      "bin": 9,
      "n": 36794,
      "p_lo": 0.4828,
      "p_hi": 0.6818,
      "predicted": 0.512,
      "observed": 0.4664,
      "lift": 1.197
    }
  ],
  "curve_short": [
    {
      "bin": 0,
      "n": 36794,
      "p_lo": 0.021,
      "p_hi": 0.1961,
      "predicted": 0.1456,
      "observed": 0.2915,
      "lift": 0.824
    },
    {
      "bin": 1,
      "n": 36793,
      "p_lo": 0.1961,
      "p_hi": 0.2315,
      "predicted": 0.2153,
      "observed": 0.3024,
      "lift": 0.854
    },
    {
      "bin": 2,
      "n": 36793,
      "p_lo": 0.2315,
      "p_hi": 0.2597,
      "predicted": 0.2457,
      "observed": 0.3235,
      "lift": 0.914
    },
    {
      "bin": 3,
      "n": 36794,
      "p_lo": 0.2597,
      "p_hi": 0.2877,
      "predicted": 0.2738,
      "observed": 0.3235,
      "lift": 0.914
    },
    {
      "bin": 4,
      "n": 36793,
      "p_lo": 0.2877,
      "p_hi": 0.3148,
      "predicted": 0.3012,
      "observed": 0.3124,
      "lift": 0.883
    },
    {
      "bin": 5,
      "n": 36793,
      "p_lo": 0.3148,
      "p_hi": 0.343,
      "predicted": 0.3288,
      "observed": 0.3305,
      "lift": 0.934
    },
    {
      "bin": 6,
      "n": 36794,
      "p_lo": 0.343,
      "p_hi": 0.3722,
      "predicted": 0.3575,
      "observed": 0.3555,
      "lift": 1.004
    },
    {
      "bin": 7,
      "n": 36793,
      "p_lo": 0.3722,
      "p_hi": 0.4026,
      "predicted": 0.3873,
      "observed": 0.395,
      "lift": 1.116
    },
    {
      "bin": 8,