{
  "long": {
    "x": [
      0.01324,
      0.02386,
      0.03448,
      0.0451,
      0.05572,
      0.06634,
      0.07696,
      0.08758,
      0.0982,
      0.10883,
      0.11945,
      0.13007,
      0.14069,
      0.15131,
      0.16193,
      0.17255,
      0.18317,
      0.1938,
      0.20442,
      0.21504,
      0.22566,
      0.23628,
      0.2469,
      0.25752,
      0.26814,
      0.27876,
      0.28939,
      0.30001,
      0.31063,
      0.32125,
      0.33187,
      0.34249,
      0.35311,
      0.36373,
      0.37436,
      0.38498,
      0.3956,
      0.40622,
      0.41684,
      0.42746
    ],
    "y": [
      0.06637,
      0.11969,
      0.11969,
      0.12006,
      0.12006,
      0.1238,
      0.13087,
      0.13478,
      0.1357,
      0.1357,
      0.14426,
      0.15089,
      0.16511,
      0.16749,
      0.18567,
      0.18567,
      0.21809,
      0.2345,
      0.24009,
      0.24533,
      0.28189,
      0.28772,
      0.28772,
      0.29116,
      0.3137,
      0.32031,
      0.32681,
      0.32681,
      0.33647,
      0.34424,
      0.34424,
      0.34424,
      0.34424,
      0.34424,
      0.34424,
      0.34424,
      0.34424,
      0.37129,
      0.37129,
      0.37129
    ]
  },
  "short": {
    "x": [
      0.00783,
      0.01876,
      0.02968,
      0.0406,
      0.05152,
      0.06244,
      0.07336,
      0.08429,
      0.09521,
      0.10613,
      0.11705,
      0.12797,
      0.1389,
      0.14982,
      0.16074,
      0.17166,
      0.18258,
      0.1935,
      0.20443,
      0.21535,
      0.22627,
      0.23719,
      0.24811,
      0.25903,
      0.26996,
      0.28088,
      0.2918,
      0.30272,
      0.31364,
      0.32456,
      0.33549,
      0.34641,
      0.35733,
      0.36825,
      0.37917,
      0.39009,
      0.40102,
      0.41194,
      0.42286,
      0.43378
    ],
    "y": [
      0.06437,
      0.12294,
      0.12294,
      0.12294,
      0.12294,
      0.12294,
      0.12294,
      0.12294,
      0.13338,
      0.13775,
      0.14668,
      0.15439,
      0.16409,
      0.17587,
      0.18587,
      0.18857,
      0.19693,
      0.21347,
      0.21999,
      0.2466,
      0.25425,
      0.27339,
      0.29458,
      0.29876,
      0.31434,
      0.32299,
      0.33852,
      0.36009,
      0.36009,
      0.36009,
      0.39208,
      0.41748,
      0.42693,
      0.42693,
      0.43103,
      0.43298,
      0.43298,
      0.43333,
      0.46188,
      0.48235
    ]
  },
  "curve_long": [
    {
      "bin": 0,
      "n": 36794,
      "p_lo": 0.0076,
      "p_hi": 0.0651,
      "predicted": 0.0466,
      "observed": 0.1192,
      "lift": 0.58
    },
    {
      "bin": 1,
      "n": 36793,
      "p_lo": 0.0651,
      "p_hi": 0.0892,
      "predicted": 0.0776,
      "observed": 0.1312,
      "lift": 0.639
    },
    {
      "bin": 2,
      "n": 36793,
      "p_lo": 0.0892,
      "p_hi": 0.1096,
      "predicted": 0.0995,
      "observed": 0.1367,
      "lift": 0.665
    },
    {
      "bin": 3,
      "n": 36794,
      "p_lo": 0.1096,
      "p_hi": 0.1299,
      "predicted": 0.1196,
      "observed": 0.1427,
      "lift": 0.695
    },
    {
      "bin": 4,
      "n": 36793,
      "p_lo": 0.1299,
      "p_hi": 0.1532,
      "predicted": 0.1412,
      "observed": 0.1629,
      "lift": 0.793
    },
    {
      "bin": 5,
      "n": 36793,
      "p_lo": 0.1532,
      "p_hi": 0.1825,
      "predicted": 0.1672,
      "observed": 0.1868,
      "lift": 0.909
    },
    {
      "bin": 6,
      "n": 36794,
      "p_lo": 0.1825,
      "p_hi": 0.2178,
      "predicted": 0.1998,
      "observed": 0.2347,
      "lift": 1.143
    },
    {
      "bin": 7,
      "n": 36793,
      "p_lo": 0.2178,
      "p_hi": 0.2581,
      "predicted": 0.2374,
      "observed": 0.2802,
      "lift": 1.364
    },
    {
      "bin": 8,
      "n": 36793,
      "p_lo": 0.2581,
      "p_hi": 0.3032,
      "predicted": 0.2803,
      "observed": 0.318,
      "lift": 1.548
    },
    {
      "bin": 9,
      "n": 36794,
      "p_lo": 0.3032,
      "p_hi": 0.5319,
      "predicted": 0.3354,
      "observed": 0.342,
      "lift": 1.665
    }
  ],
  "curve_short": [
    {
      "bin": 0,
      "n": 36794,
      "p_lo": 0.0052,
      "p_hi": 0.0627,
      "predicted": 0.0408,
      "observed": 0.132,
      "lift": 0.693
    },
    {
      "bin": 1,
      "n": 36793,
      "p_lo": 0.0627,
      "p_hi": 0.0824,
      "predicted": 0.0735,
      "observed": 0.1152,
      "lift": 0.604
    },
    {
      "bin": 2,
      "n": 36793,
      "p_lo": 0.0824,
      "p_hi": 0.0976,
      "predicted": 0.0901,
      "observed": 0.1246,
      "lift": 0.654
    },
    {
      "bin": 3,
      "n": 36794,
      "p_lo": 0.0976,
      "p_hi": 0.114,
      "predicted": 0.1057,
      "observed": 0.1351,
      "lift": 0.709
    },
    {
      "bin": 4,
      "n": 36793,
      "p_lo": 0.114,
      "p_hi": 0.1331,
      "predicted": 0.1231,
      "observed": 0.1506,
      "lift": 0.79
    },
    {
      "bin": 5,
      "n": 36793,
      "p_lo": 0.1331,
      "p_hi": 0.1573,
      "predicted": 0.1448,
      "observed": 0.1711,
      "lift": 0.898
    },
    {
      "bin": 6,
      "n": 36794,
      "p_lo": 0.1573,
      "p_hi": 0.1876,
      "predicted": 0.1718,
      "observed": 0.1931,
      "lift": 1.013
    },
    {
      "bin": 7,
      "n": 36793,
      "p_lo": 0.1876,
      "p_hi": 0.2255,
      "predicted": 0.2059,
      "observed": 0.2273,
      "lift": 1.193
    },
    {
      "bin": 8,
      "n": 36793,
      "p_lo": 0.2255,
      "p_hi": 0.2744,
      "predicted": 0.2489,
      "observed": 0.2883,
      "lift": 1.513
    },
    {
      "bin": 9,
      "n": 36794,
      "p_lo": 0.2744,
      "p_hi": 0.5765,
      "predicted": 0.3186,
      "observed": 0.3682,
      "lift": 1.932
    }
  ],
  "metrics_long": {
    "brier": 0.15866,
    "ece": 0.03498,
    "bias": 0.03498,
    "base_rate": 0.20544,
    "mean_pred": 0.17047
  },
  "metrics_short": {
    "brier": 0.14983,
    "ece": 0.03823,
    "bias": 0.03823,
    "base_rate": 0.19056,
    "mean_pred": 0.15232
  }
}