{
  "long": {
    "x": [
      0.04522,
      0.05689,
      0.06856,
      0.08023,
      0.0919,
      0.10356,
      0.11523,
      0.1269,
      0.13857,
      0.15024,
      0.16191,
      0.17357,
      0.18524,
      0.19691,
      0.20858,
      0.22025,
      0.23192,
      0.24358,
      0.25525,
      0.26692,
      0.27859,
      0.29026,
      0.30193,
      0.31359,
      0.32526,
      0.33693,
      0.3486,
      0.36027,
      0.37194,
      0.3836,
      0.39527,
      0.40694,
      0.41861,
      0.43028,
      0.44194,
      0.45361,
      0.46528,
      0.47695,
      0.48862,
      0.50029
    ],
    "y": [
      0.21517,
      0.21517,
      0.21517,
      0.22349,
      0.22349,
      0.22357,
      0.22528,
      0.22528,
      0.23811,
      0.23948,
      0.24889,
      0.25672,
      0.25672,
      0.2576,
      0.2576,
      0.2576,
      0.2576,
      0.26633,
      0.27454,
      0.27454,
      0.28797,
      0.29873,
      0.32647,
      0.33389,
      0.34313,
      0.34991,
      0.36214,
      0.37221,
      0.37221,
      0.37666,
      0.37666,
      0.37666,
      0.37666,
      0.38306,
      0.38992,
      0.39232,
      0.39695,
      0.39695,
      0.39695,
      0.39695
    ]
  },
  "long_stop": {
    "x": [
      0.09727,
      0.11173,
      0.1262,
      0.14066,
      0.15513,
      0.16959,
      0.18406,
      0.19852,
      0.21299,
      0.22746,
      0.24192,
      0.25639,
      0.27085,
      0.28532,
      0.29978,
      0.31425,
      0.32871,
      0.34318,
      0.35765,
      0.37211,
      0.38658,
      0.40104,
      0.41551,
      0.42997,
      0.44444,
      0.4589,
      0.47337,
      0.48784,
      0.5023,
      0.51677,
      0.53123,
      0.5457,
      0.56016,
      0.57463,
      0.58909,
      0.60356,
      0.61802,
      0.63249,
      0.64696,
      0.66142
    ],
    "y": [
      0.275,
      0.31903,
      0.31903,
      0.32636,
      0.32636,
      0.32692,
      0.37849,
      0.37849,
      0.37849,
      0.41209,
      0.42151,
      0.42151,
      0.42151,
      0.45084,
      0.45084,
      0.45084,
      0.45084,
      0.45084,
      0.45445,
      0.46304,
      0.46304,
      0.469,
      0.47634,
      0.47634,
      0.47923,
      0.47923,
      0.48186,
      0.48823,
      0.51187,
      0.52154,
      0.52747,
      0.5364,
      0.54725,
      0.54725,
      0.5577,
      0.57647,
      0.57776,
      0.57776,
      0.57776,
      0.59091
    ]
  },
  "short": {
    "x": [
      0.0226,
      0.03412,
      0.04564,
      0.05715,
      0.06867,
      0.08019,
      0.09171,
      0.10322,
      0.11474,
      0.12626,
      0.13778,
      0.14929,
      0.16081,
      0.17233,
      0.18385,
      0.19536,
      0.20688,
      0.2184,
      0.22992,
      0.24143,
      0.25295,
      0.26447,
      0.27599,
      0.2875,
      0.29902,
      0.31054,
      0.32206,
      0.33358,
      0.34509,
      0.35661,
      0.36813,
      0.37965,
      0.39116,
      0.40268,
      0.4142,
      0.42572,
      0.43723,
      0.44875,
      0.46027,
      0.47179
    ],
    "y": [
      0.13708,
      0.19489,
      0.20376,
      0.22297,
      0.22297,
      0.22695,
      0.23079,
      0.23079,
      0.23079,
      0.23079,
      0.23079,
      0.23079,
      0.23079,
      0.2387,
      0.2387,
      0.24145,
      0.24145,
      0.24145,
      0.24145,
      0.24662,
      0.25639,
      0.26357,
      0.26906,
      0.29962,
      0.29962,
      0.32406,
      0.34201,
      0.35174,
      0.36027,
      0.37187,
      0.37496,
      0.39529,
      0.40201,
      0.42359,
      0.42359,
      0.42359,
      0.42359,
      0.44985,
      0.44985,
      0.44985
    ]
  },
  "short_stop": {
    "x": [
      0.16776,
      0.18217,
      0.19657,
      0.21098,
      0.22538,
      0.23979,
      0.2542,
      0.2686,
      0.28301,
      0.29741,
      0.31182,
      0.32623,
      0.34063,
      0.35504,
      0.36944,
      0.38385,
      0.39826,
      0.41266,
      0.42707,
      0.44147,
      0.45588,
      0.47028,
      0.48469,
      0.4991,
      0.5135,
      0.52791,
      0.54231,
      0.55672,
      0.57113,
      0.58553,
      0.59994,
      0.61434,
      0.62875,
      0.64315,
      0.65756,
      0.67197,
      0.68637,
      0.70078,
      0.71518,
      0.72959
    ],
    "y": [
      0.4382,
      0.4382,
      0.4382,
      0.4382,
      0.4382,
      0.4382,
      0.4382,
      0.4382,
      0.4382,
      0.44506,
      0.45624,
      0.46275,
      0.46275,
      0.46275,
      0.46401,
      0.47471,
      0.47471,
      0.4894,
      0.4894,
      0.50528,
      0.50528,
      0.50528,
      0.508,
      0.52395,
      0.53786,
      0.55166,
      0.55632,
      0.55632,
      0.57203,
      0.57203,
      0.57203,
      0.57203,
      0.57203,
      0.57203,
      0.57203,
      0.57625,
      0.57625,
      0.57654,
      0.59184,
      0.60399
    ]
  },
  "curve_long": [
    {
      "bin": 0,
      "n": 36794,
      "p_lo": 0.0278,
      "p_hi": 0.1564,
      "predicted": 0.1223,
      "observed": 0.2312,
      "lift": 0.759
    },
    {
      "bin": 1,
      "n": 36793,
      "p_lo": 0.1564,
      "p_hi": 0.196,
      "predicted": 0.1773,
      "observed": 0.2564,
      "lift": 0.842
    },
    {
      "bin": 2,
      "n": 36793,
      "p_lo": 0.196,
      "p_hi": 0.2278,
      "predicted": 0.2124,
      "observed": 0.2566,
      "lift": 0.843
    },
    {
      "bin": 3,
      "n": 36794,
      "p_lo": 0.2278,
      "p_hi": 0.2559,
      "predicted": 0.242,
      "observed": 0.2626,
      "lift": 0.862
    },
    {
      "bin": 4,
      "n": 36793,
      "p_lo": 0.2559,
      "p_hi": 0.282,
      "predicted": 0.2691,
      "observed": 0.2811,
      "lift": 0.923
    },
    {
      "bin": 5,
      "n": 36793,
      "p_lo": 0.282,
      "p_hi": 0.3073,
      "predicted": 0.2947,
      "observed": 0.3113,
      "lift": 1.022
    },
    {
      "bin": 6,
      "n": 36794,
      "p_lo": 0.3073,
      "p_hi": 0.3324,
      "predicted": 0.3199,
      "observed": 0.337,
      "lift": 1.107
    },
    {
      "bin": 7,
      "n": 36793,
      "p_lo": 0.3324,
      "p_hi": 0.3575,
      "predicted": 0.3448,
      "observed": 0.3584,
      "lift": 1.177
    },
    {
      "bin": 8,
      "n": 36793,
      "p_lo": 0.3575,
      "p_hi": 0.3882,
      "predicted": 0.3721,
      "observed": 0.3728,
      "lift": 1.224
    },
    {
      "bin": 9,
      "n": 36794,
      "p_lo": 0.3882,
      "p_hi": 0.5753,
      "predicted": 0.4157,
      "observed": 0.3781,
      "lift": 1.242
    }
  ],
  "curve_short": [
    {
      "bin": 0,
      "n": 36794,
      "p_lo": 0.0161,
      "p_hi": 0.1405,
      "predicted": 0.0972,
      "observed": 0.2256,
      "lift": 0.821
    },
    {
      "bin": 1,
      "n": 36793,
      "p_lo": 0.1405,
      "p_hi": 0.1698,
      "predicted": 0.1569,
      "observed": 0.2277,
      "lift": 0.828
    },
    {
      "bin": 2,
      "n": 36793,
      "p_lo": 0.1698,
      "p_hi": 0.1918,
      "predicted": 0.1808,
      "observed": 0.2385,
      "lift": 0.868
    },
    {
      "bin": 3,
      "n": 36794,
      "p_lo": 0.1918,
      "p_hi": 0.214,
      "predicted": 0.2029,
      "observed": 0.2476,
      "lift": 0.901
    },
    {
      "bin": 4,
      "n": 36793,
      "p_lo": 0.214,
      "p_hi": 0.2366,
      "predicted": 0.2253,
      "observed": 0.2359,
      "lift": 0.858
    },
    {
      "bin": 5,
      "n": 36793,
      "p_lo": 0.2367,
      "p_hi": 0.2605,
      "predicted": 0.2485,
      "observed": 0.2531,
      "lift": 0.92
    },
    {
      "bin": 6,
      "n": 36794,
      "p_lo": 0.2605,
      "p_hi": 0.286,
      "predicted": 0.2731,
      "observed": 0.2718,
      "lift": 0.988
    },
    {
      "bin": 7,
      "n": 36793,
      "p_lo": 0.286,
      "p_hi": 0.3137,
      "predicted": 0.2996,
      "observed": 0.3075,
      "lift": 1.119
    },
    {
      "bin": 8,
      "n": 36793,