{
  "long": {
    "x": [
      0.04517,
      0.05685,
      0.06853,
      0.0802,
      0.09188,
      0.10356,
      0.11524,
      0.12691,
      0.13859,
      0.15027,
      0.16195,
      0.17362,
      0.1853,
      0.19698,
      0.20866,
      0.22033,
      0.23201,
      0.24369,
      0.25537,
      0.26704,
      0.27872,
      0.2904,
      0.30208,
      0.31375,
      0.32543,
      0.33711,
      0.34879,
      0.36046,
      0.37214,
      0.38382,
      0.3955,
      0.40718,
      0.41885,
      0.43053,
      0.44221,
      0.45389,
      0.46556,
      0.47724,
      0.48892,
      0.5006
    ],
    "y": [
      0.21194,
      0.21194,
      0.21194,
      0.22324,
      0.22324,
      0.22324,
      0.22487,
      0.23213,
      0.237,
      0.2423,
      0.24731,
      0.25385,
      0.25766,
      0.25766,
      0.25766,
      0.25766,
      0.25766,
      0.26505,
      0.2749,
      0.28075,
      0.28831,
      0.29728,
      0.32735,
      0.33426,
      0.34186,
      0.35038,
      0.36628,
      0.368,
      0.37081,
      0.37599,
      0.37605,
      0.37605,
      0.37605,
      0.38801,
      0.38801,
      0.39548,
      0.39548,
      0.39548,
      0.39548,
      0.39548
    ]
  },
  "long_stop": {
    "x": [
      0.09753,
      0.112,
      0.12647,
      0.14094,
      0.15542,
      0.16989,
      0.18436,
      0.19883,
      0.2133,
      0.22778,
      0.24225,
      0.25672,
      0.27119,
      0.28566,
      0.30014,
      0.31461,
      0.32908,
      0.34355,
      0.35802,
      0.3725,
      0.38697,
      0.40144,
      0.41591,
      0.43038,
      0.44485,
      0.45933,
      0.4738,
      0.48827,
      0.50274,
      0.51721,
      0.53169,
      0.54616,
      0.56063,
      0.5751,
      0.58957,
      0.60405,
      0.61852,
      0.63299,
      0.64746,
      0.66193
    ],
    "y": [
      0.28824,
      0.31507,
      0.33215,
      0.33215,
      0.33215,
      0.33215,
      0.37797,
      0.37797,
      0.40318,
      0.40318,
      0.4205,
      0.4205,
      0.4205,
      0.4501,
      0.4501,
      0.4501,
      0.4501,
      0.45041,
      0.45306,
      0.46367,
      0.46367,
      0.46744,
      0.47849,
      0.47912,
      0.47912,
      0.47912,
      0.48056,
      0.48444,
      0.51071,
      0.5205,
      0.52914,
      0.5465,
      0.5465,
      0.54903,
      0.55234,
      0.55963,
      0.57779,
      0.57779,
      0.57779,
      0.6
    ]
  },
  "short": {
    "x": [
      0.0222,
      0.03372,
      0.04525,
      0.05678,
      0.0683,
      0.07983,
      0.09136,
      0.10288,
      0.11441,
      0.12594,
      0.13746,
      0.14899,
      0.16051,
      0.17204,
      0.18357,
      0.19509,
      0.20662,
      0.21815,
      0.22967,
      0.2412,
      0.25273,
      0.26425,
      0.27578,
      0.2873,
      0.29883,
      0.31036,
      0.32188,
      0.33341,
      0.34494,
      0.35646,
      0.36799,
      0.37952,
      0.39104,
      0.40257,
      0.4141,
      0.42562,
      0.43715,
      0.44867,
      0.4602,
      0.47173
    ],
    "y": [
      0.13982,
      0.19571,
      0.19571,
      0.22392,
      0.22392,
      0.23118,
      0.23118,
      0.23118,
      0.23118,
      0.23118,
      0.23118,
      0.23118,
      0.23118,
      0.23353,
      0.2406,
      0.2406,
      0.24113,
      0.24113,
      0.24113,
      0.24464,
      0.25897,
      0.26182,
      0.27204,
      0.29778,
      0.30257,
      0.32834,
      0.35036,
      0.35036,
      0.36131,
      0.37685,
      0.37972,
      0.39457,
      0.41168,
      0.4219,
      0.4219,
      0.4219,
      0.4219,
      0.447,
      0.447,
      0.447
    ]
  },
  "short_stop": {
    "x": [
      0.16825,
      0.18262,
      0.19699,
      0.21136,
      0.22573,
      0.2401,
      0.25447,
      0.26884,
      0.28321,
      0.29758,
      0.31195,
      0.32632,
      0.34069,
      0.35506,
      0.36943,
      0.38379,
      0.39816,
      0.41253,
      0.4269,
      0.44127,
      0.45564,
      0.47001,
      0.48438,
      0.49875,
      0.51312,
      0.52749,
      0.54186,
      0.55623,
      0.5706,
      0.58497,
      0.59934,
      0.61371,
      0.62808,
      0.64245,
      0.65682,
      0.67119,
      0.68556,
      0.69993,
      0.7143,
      0.72867
    ],
    "y": [
      0.43928,
      0.43928,
      0.43928,
      0.43928,
      0.43928,
      0.43928,
      0.43928,
      0.43928,
      0.43928,
      0.44874,
      0.44874,
      0.46318,
      0.46318,
      0.46318,
      0.47145,
      0.47145,
      0.47427,
      0.48704,
      0.49771,
      0.50542,
      0.50542,
      0.50542,
      0.50674,
      0.52437,
      0.54186,
      0.54451,
      0.55643,
      0.55858,
      0.57189,
      0.57189,
      0.57189,
      0.57189,
      0.57189,
      0.57189,
      0.57189,
      0.57594,
      0.57594,
      0.57778,
      0.60458,
      0.60458
    ]
  },
  "curve_long": [
    {
      "bin": 0,
      "n": 36794,
      "p_lo": 0.0283,
      "p_hi": 0.1567,
      "predicted": 0.1226,
      "observed": 0.2314,
      "lift": 0.76
    },
    {
      "bin": 1,
      "n": 36793,
      "p_lo": 0.1567,
      "p_hi": 0.1961,
      "predicted": 0.1775,
      "observed": 0.2559,
      "lift": 0.84
    },
    {
      "bin": 2,
      "n": 36793,
      "p_lo": 0.1961,
      "p_hi": 0.2277,
      "predicted": 0.2123,
      "observed": 0.2556,
      "lift": 0.839
    },
    {
      "bin": 3,
      "n": 36794,
      "p_lo": 0.2277,
      "p_hi": 0.2556,
      "predicted": 0.2418,
      "observed": 0.2632,
      "lift": 0.864
    },
    {
      "bin": 4,
      "n": 36793,
      "p_lo": 0.2556,
      "p_hi": 0.2819,
      "predicted": 0.2688,
      "observed": 0.2811,
      "lift": 0.923
    },
    {
      "bin": 5,
      "n": 36793,
      "p_lo": 0.2819,
      "p_hi": 0.3073,
      "predicted": 0.2946,
      "observed": 0.3116,
      "lift": 1.023
    },
    {
      "bin": 6,
      "n": 36794,
      "p_lo": 0.3073,
      "p_hi": 0.3322,
      "predicted": 0.3198,
      "observed": 0.3364,
      "lift": 1.105
    },
    {
      "bin": 7,
      "n": 36793,
      "p_lo": 0.3322,
      "p_hi": 0.3571,
      "predicted": 0.3445,
      "observed": 0.3591,
      "lift": 1.179
    },
    {
      "bin": 8,
      "n": 36793,
      "p_lo": 0.3571,
      "p_hi": 0.3875,
      "predicted": 0.3716,
      "observed": 0.3714,
      "lift": 1.22
    },
    {
      "bin": 9,
      "n": 36794,
      "p_lo": 0.3875,
      "p_hi": 0.5777,
      "predicted": 0.4152,
      "observed": 0.3795,
      "lift": 1.246
    }
  ],
  "curve_short": [
    {
      "bin": 0,
      "n": 36794,
      "p_lo": 0.0154,
      "p_hi": 0.1406,
      "predicted": 0.097,
      "observed": 0.2255,
      "lift": 0.82
    },
    {
      "bin": 1,
      "n": 36793,
      "p_lo": 0.1406,
      "p_hi": 0.1698,
      "predicted": 0.1569,
      "observed": 0.2287,
      "lift": 0.832
    },
    {
      "bin": 2,
      "n": 36793,
      "p_lo": 0.1698,
      "p_hi": 0.192,
      "predicted": 0.181,
      "observed": 0.2376,
      "lift": 0.864
    },
    {
      "bin": 3,
      "n": 36794,
      "p_lo": 0.192,
      "p_hi": 0.2143,
      "predicted": 0.2031,
      "observed": 0.2476,
      "lift": 0.901
    },
    {
      "bin": 4,
      "n": 36793,
      "p_lo": 0.2143,
      "p_hi": 0.2369,
      "predicted": 0.2256,
      "observed": 0.2359,
      "lift": 0.858
    },
    {
      "bin": 5,
      "n": 36793,
      "p_lo": 0.2369,
      "p_hi": 0.2608,
      "predicted": 0.2488,
      "observed": 0.254,
      "lift": 0.924
    },
    {
      "bin": 6,
      "n": 36794,
      "p_lo": 0.2608,
      "p_hi": 0.2862,
      "predicted": 0.2733,
      "observed": 0.272,
      "lift": 0.989
    },
    {
      "bin": 7,
      "n": 36793,
      "p_lo": 0.2862,
      "p_hi": 0.314,
      "predicted": 0.2998,
      "observed": 0.3074,
      "lift": 1.118
    },
    {
      "bin": 8,
      "n": 36793,