{
  "long": {
    "x": [
      0.04561,
      0.05729,
      0.06898,
      0.08066,
      0.09235,
      0.10403,
      0.11572,
      0.1274,
      0.13909,
      0.15077,
      0.16246,
      0.17414,
      0.18583,
      0.19751,
      0.2092,
      0.22088,
      0.23257,
      0.24425,
      0.25594,
      0.26762,
      0.27931,
      0.29099,
      0.30267,
      0.31436,
      0.32604,
      0.33773,
      0.34941,
      0.3611,
      0.37278,
      0.38447,
      0.39615,
      0.40784,
      0.41952,
      0.43121,
      0.44289,
      0.45458,
      0.46626,
      0.47795,
      0.48963,
      0.50132
    ],
    "y": [
      0.21354,
      0.21354,
      0.21354,
      0.22056,
      0.22122,
      0.22709,
      0.22709,
      0.23044,
      0.24118,
      0.24474,
      0.25071,
      0.2551,
      0.2571,
      0.2571,
      0.2571,
      0.2571,
      0.2571,
      0.26749,
      0.27667,
      0.27711,
      0.29775,
      0.30583,
      0.32747,
      0.32916,
      0.34,
      0.35438,
      0.36732,
      0.36757,
      0.37157,
      0.37574,
      0.37574,
      0.37574,
      0.37574,
      0.38874,
      0.393,
      0.393,
      0.39668,
      0.39668,
      0.39668,
      0.39668
    ]
  },
  "long_stop": {
    "x": [
      0.09741,
      0.11187,
      0.12633,
      0.14079,
      0.15525,
      0.16971,
      0.18417,
      0.19863,
      0.21309,
      0.22755,
      0.24202,
      0.25648,
      0.27094,
      0.2854,
      0.29986,
      0.31432,
      0.32878,
      0.34324,
      0.3577,
      0.37216,
      0.38662,
      0.40108,
      0.41554,
      0.43,
      0.44446,
      0.45892,
      0.47338,
      0.48784,
      0.5023,
      0.51676,
      0.53122,
      0.54569,
      0.56015,
      0.57461,
      0.58907,
      0.60353,
      0.61799,
      0.63245,
      0.64691,
      0.66137
    ],
    "y": [
      0.29012,
      0.31236,
      0.33315,
      0.33315,
      0.33315,
      0.33315,
      0.37818,
      0.37821,
      0.37821,
      0.40998,
      0.42295,
      0.42295,
      0.42295,
      0.45031,
      0.45031,
      0.45031,
      0.45031,
      0.45467,
      0.45488,
      0.46013,
      0.46235,
      0.46782,
      0.47784,
      0.47784,
      0.47792,
      0.47792,
      0.48091,
      0.49049,
      0.50531,
      0.51764,
      0.53096,
      0.5425,
      0.54765,
      0.54765,
      0.56028,
      0.56028,
      0.57527,
      0.57527,
      0.57527,
      0.59412
    ]
  },
  "short": {
    "x": [
      0.02248,
      0.03401,
      0.04553,
      0.05705,
      0.06857,
      0.08009,
      0.09162,
      0.10314,
      0.11466,
      0.12618,
      0.13771,
      0.14923,
      0.16075,
      0.17227,
      0.18379,
      0.19532,
      0.20684,
      0.21836,
      0.22988,
      0.2414,
      0.25293,
      0.26445,
      0.27597,
      0.28749,
      0.29902,
      0.31054,
      0.32206,
      0.33358,
      0.3451,
      0.35663,
      0.36815,
      0.37967,
      0.39119,
      0.40271,
      0.41424,
      0.42576,
      0.43728,
      0.4488,
      0.46032,
      0.47185
    ],
    "y": [
      0.13739,
      0.19405,
      0.2006,
      0.2247,
      0.2247,
      0.22644,
      0.23096,
      0.23096,
      0.23096,
      0.23096,
      0.23096,
      0.23096,
      0.23096,
      0.23855,
      0.23855,
      0.24097,
      0.24097,
      0.24097,
      0.24097,
      0.24714,
      0.25911,
      0.26058,
      0.27177,
      0.29707,
      0.29919,
      0.32459,
      0.3377,
      0.35121,
      0.36877,
      0.37637,
      0.38336,
      0.39951,
      0.39951,
      0.40837,
      0.42626,
      0.42626,
      0.42626,
      0.44244,
      0.44244,
      0.44244
    ]
  },
  "short_stop": {
    "x": [
      0.17123,
      0.18554,
      0.19985,
      0.21415,
      0.22846,
      0.24277,
      0.25707,
      0.27138,
      0.28569,
      0.29999,
      0.3143,
      0.32861,
      0.34291,
      0.35722,
      0.37153,
      0.38583,
      0.40014,
      0.41445,
      0.42875,
      0.44306,
      0.45737,
      0.47167,
      0.48598,
      0.50029,
      0.51459,
      0.5289,
      0.5432,
      0.55751,
      0.57182,
      0.58612,
      0.60043,
      0.61474,
      0.62904,
      0.64335,
      0.65766,
      0.67196,
      0.68627,
      0.70058,
      0.71488,
      0.72919
    ],
    "y": [
      0.43309,
      0.43309,
      0.43309,
      0.43309,
      0.43309,
      0.43309,
      0.43309,
      0.43309,
      0.4358,
      0.45853,
      0.45912,
      0.46265,
      0.46265,
      0.46265,
      0.4698,
      0.4698,
      0.48227,
      0.4865,
      0.4865,
      0.50327,
      0.50573,
      0.50573,
      0.50573,
      0.53241,
      0.54052,
      0.54655,
      0.55541,
      0.5621,
      0.57189,
      0.57189,
      0.57189,
      0.57189,
      0.57189,
      0.57189,
      0.57189,
      0.57478,
      0.57478,
      0.57478,
      0.60426,
      0.60426
    ]
  },
  "curve_long": [
    {
      "bin": 0,
      "n": 36794,
      "p_lo": 0.0283,
      "p_hi": 0.1566,
      "predicted": 0.1228,
      "observed": 0.2323,
      "lift": 0.763
    },
    {
      "bin": 1,
      "n": 36793,
      "p_lo": 0.1566,
      "p_hi": 0.1957,
      "predicted": 0.1772,
      "observed": 0.255,
      "lift": 0.837
    },
    {
      "bin": 2,
      "n": 36793,
      "p_lo": 0.1957,
      "p_hi": 0.2274,
      "predicted": 0.2119,
      "observed": 0.2568,
      "lift": 0.843
    },
    {
      "bin": 3,
      "n": 36794,
      "p_lo": 0.2274,
      "p_hi": 0.2555,
      "predicted": 0.2416,
      "observed": 0.2621,
      "lift": 0.861
    },
    {
      "bin": 4,
      "n": 36793,
      "p_lo": 0.2555,
      "p_hi": 0.2818,
      "predicted": 0.2688,
      "observed": 0.2812,
      "lift": 0.923
    },
    {
      "bin": 5,
      "n": 36793,
      "p_lo": 0.2818,
      "p_hi": 0.3074,
      "predicted": 0.2946,
      "observed": 0.3113,
      "lift": 1.022
    },
    {
      "bin": 6,
      "n": 36794,
      "p_lo": 0.3074,
      "p_hi": 0.3325,
      "predicted": 0.32,
      "observed": 0.3362,
      "lift": 1.104
    },
    {
      "bin": 7,
      "n": 36793,
      "p_lo": 0.3325,
      "p_hi": 0.3578,
      "predicted": 0.3451,
      "observed": 0.3601,
      "lift": 1.182
    },
    {
      "bin": 8,
      "n": 36793,
      "p_lo": 0.3578,
      "p_hi": 0.3882,
      "predicted": 0.3723,
      "observed": 0.3718,
      "lift": 1.221
    },
    {
      "bin": 9,
      "n": 36794,
      "p_lo": 0.3882,
      "p_hi": 0.5751,
      "predicted": 0.4156,
      "observed": 0.3785,
      "lift": 1.243
    }
  ],
  "curve_short": [
    {
      "bin": 0,
      "n": 36794,
      "p_lo": 0.0157,
      "p_hi": 0.1402,
      "predicted": 0.097,
      "observed": 0.2259,
      "lift": 0.822
    },
    {
      "bin": 1,
      "n": 36793,
      "p_lo": 0.1402,
      "p_hi": 0.1696,
      "predicted": 0.1566,
      "observed": 0.2274,
      "lift": 0.827
    },
    {
      "bin": 2,
      "n": 36793,
      "p_lo": 0.1696,
      "p_hi": 0.1917,
      "predicted": 0.1807,
      "observed": 0.2397,
      "lift": 0.872
    },
    {
      "bin": 3,
      "n": 36794,
      "p_lo": 0.1917,
      "p_hi": 0.214,
      "predicted": 0.2029,
      "observed": 0.2462,
      "lift": 0.895
    },
    {
      "bin": 4,
      "n": 36793,
      "p_lo": 0.214,
      "p_hi": 0.2366,
      "predicted": 0.2252,
      "observed": 0.2353,
      "lift": 0.856
    },
    {
      "bin": 5,
      "n": 36793,
      "p_lo": 0.2366,
      "p_hi": 0.2606,
      "predicted": 0.2484,
      "observed": 0.2532,
      "lift": 0.921
    },
    {
      "bin": 6,
      "n": 36794,
      "p_lo": 0.2606,
      "p_hi": 0.2861,
      "predicted": 0.2732,
      "observed": 0.2723,
      "lift": 0.99
    },
    {
      "bin": 7,
      "n": 36793,
      "p_lo": 0.2861,
      "p_hi": 0.3139,
      "predicted": 0.2997,
      "observed": 0.307,
      "lift": 1.117
    },
    {
      "bin": 8,
      "n": 36793,